function	arguments	platform	pure_rust	ulp	classification
acos	7ff8000000000000	7ff8000000000000	7ff8000000000000	0	exact
acos	0000000000000000	3ff921fb54442d18	3ff921fb54442d18	0	exact
acos	8000000000000000	3ff921fb54442d18	3ff921fb54442d18	0	exact
acos	7ff0000000000000	7ff8000000000000	7ff8000000000000	0	exact
acos	fff0000000000000	7ff8000000000000	7ff8000000000000	0	exact
acos	0000000000000001	3ff921fb54442d18	3ff921fb54442d18	0	ordinary
acos	7fefffffffffffff	7ff8000000000000	7ff8000000000000	0	exact
acos	bff0000000000000	400921fb54442d18	400921fb54442d18	0	ordinary
acos	3ff0000000000000	0000000000000000	0000000000000000	0	exact
acos	c000000000000000	7ff8000000000000	7ff8000000000000	0	exact
acos	4000000000000000	7ff8000000000000	7ff8000000000000	0	exact
acos	3fe6666666666666	3fe973e83f5d5c9b	3fe973e83f5d5c9b	0	ordinary
acos	3ffb333333333333	7ff8000000000000	7ff8000000000000	0	exact
acos	bfe6666666666666	4002c501446cd5f1	4002c501446cd5f2	1	ordinary
acos	3bc79ca10c924223	3ff921fb54442d18	3ff921fb54442d18	0	ordinary
acos	4415af1d78b58c40	7ff8000000000000	7ff8000000000000	0	exact
acos	400921fb54442d18	7ff8000000000000	7ff8000000000000	0	exact
acos	3fefffffffffffff	3e50000000000000	3e50000000000000	0	ordinary
acos	3ff0000000000001	7ff8000000000000	7ff8000000000000	0	exact
acosh	7ff8000000000000	7ff8000000000000	7ff8000000000000	0	exact
acosh	0000000000000000	7ff8000000000000	7ff8000000000000	0	exact
acosh	8000000000000000	7ff8000000000000	7ff8000000000000	0	exact
acosh	7ff0000000000000	7ff0000000000000	7ff0000000000000	0	exact
acosh	fff0000000000000	7ff8000000000000	7ff8000000000000	0	exact
acosh	0000000000000001	7ff8000000000000	7ff8000000000000	0	exact
acosh	7fefffffffffffff	7ff0000000000000	408633ce8fb9f87d	4569407809653180291	known-platform-overflow
acosh	bff0000000000000	7ff8000000000000	7ff8000000000000	0	exact
acosh	3ff0000000000000	0000000000000000	0000000000000000	0	exact
acosh	c000000000000000	7ff8000000000000	7ff8000000000000	0	exact
acosh	4000000000000000	3ff5124271980434	3ff5124271980434	0	ordinary
acosh	3fe6666666666666	7ff8000000000000	7ff8000000000000	0	exact
acosh	3ffb333333333333	3ff1f8c10d010fe6	3ff1f8c10d010fe6	0	ordinary
acosh	bfe6666666666666	7ff8000000000000	7ff8000000000000	0	exact
acosh	3bc79ca10c924223	7ff8000000000000	7ff8000000000000	0	exact
acosh	4415af1d78b58c40	40475f57369e9343	40475f57369e9343	0	ordinary
acosh	400921fb54442d18	3ffcfc02f90106c2	3ffcfc02f90106c1	1	ordinary
acosh	3fefffffffffffff	7ff8000000000000	7ff8000000000000	0	exact
acosh	3ff0000000000001	3e56a09e67ffffff	3e56a09e667f3bcd	25216050	known-platform-cancellation
asin	7ff8000000000000	7ff8000000000000	7ff8000000000000	0	exact
asin	0000000000000000	0000000000000000	0000000000000000	0	exact
asin	8000000000000000	8000000000000000	8000000000000000	0	exact
asin	7ff0000000000000	7ff8000000000000	7ff8000000000000	0	exact
asin	fff0000000000000	7ff8000000000000	7ff8000000000000	0	exact
asin	0000000000000001	0000000000000001	0000000000000001	0	ordinary
asin	7fefffffffffffff	7ff8000000000000	7ff8000000000000	0	exact
asin	bff0000000000000	bff921fb54442d18	bff921fb54442d18	0	ordinary
asin	3ff0000000000000	3ff921fb54442d18	3ff921fb54442d18	0	ordinary
asin	c000000000000000	7ff8000000000000	7ff8000000000000	0	exact
asin	4000000000000000	7ff8000000000000	7ff8000000000000	0	exact
asin	3fe6666666666666	3fe8d00e692afd95	3fe8d00e692afd95	0	ordinary
asin	3ffb333333333333	7ff8000000000000	7ff8000000000000	0	exact
asin	bfe6666666666666	bfe8d00e692afd95	bfe8d00e692afd95	0	ordinary
asin	3bc79ca10c924223	3bc79ca10c924223	3bc79ca10c924223	0	ordinary
asin	4415af1d78b58c40	7ff8000000000000	7ff8000000000000	0	exact
asin	400921fb54442d18	7ff8000000000000	7ff8000000000000	0	exact
asin	3fefffffffffffff	3ff921fb50442d18	3ff921fb50442d18	0	ordinary
asin	3ff0000000000001	7ff8000000000000	7ff8000000000000	0	exact
asinh	7ff8000000000000	7ff8000000000000	7ff8000000000000	0	exact
asinh	0000000000000000	0000000000000000	0000000000000000	0	exact
asinh	8000000000000000	8000000000000000	8000000000000000	0	exact
asinh	7ff0000000000000	7ff0000000000000	7ff0000000000000	0	exact
asinh	fff0000000000000	fff0000000000000	fff0000000000000	0	exact
asinh	0000000000000001	0000000000000001	0000000000000001	0	ordinary
asinh	7fefffffffffffff	7ff0000000000000	408633ce8fb9f87d	4569407809653180291	known-platform-overflow
asinh	bff0000000000000	bfec34366179d427	bfec34366179d427	0	ordinary
asinh	3ff0000000000000	3fec34366179d427	3fec34366179d427	0	ordinary
asinh	c000000000000000	bff719218313d087	bff719218313d087	0	ordinary
asinh	4000000000000000	3ff719218313d087	3ff719218313d087	0	ordinary
asinh	3fe6666666666666	3fe4e2a4fe9085dd	3fe4e2a4fe9085dd	0	ordinary
asinh	3ffb333333333333	3ff4d0291473fd4a	3ff4d0291473fd4a	0	ordinary
asinh	bfe6666666666666	bfe4e2a4fe9085dd	bfe4e2a4fe9085dd	0	ordinary
asinh	3bc79ca10c924223	3bc79ca10c924223	3bc79ca10c924223	0	ordinary
asinh	4415af1d78b58c40	40475f57369e9343	40475f57369e9343	0	ordinary
asinh	400921fb54442d18	3ffdcbf69f10006d	3ffdcbf69f10006d	0	ordinary
asinh	3fefffffffffffff	3fec34366179d426	3fec34366179d426	0	ordinary
asinh	3ff0000000000001	3fec34366179d428	3fec34366179d428	0	ordinary
atan	7ff8000000000000	7ff8000000000000	7ff8000000000000	0	exact
atan	0000000000000000	0000000000000000	0000000000000000	0	exact
atan	8000000000000000	8000000000000000	8000000000000000	0	exact
atan	7ff0000000000000	3ff921fb54442d18	3ff921fb54442d18	0	exact
atan	fff0000000000000	bff921fb54442d18	bff921fb54442d18	0	exact
atan	0000000000000001	0000000000000001	0000000000000001	0	ordinary
atan	7fefffffffffffff	3ff921fb54442d18	3ff921fb54442d18	0	ordinary
atan	bff0000000000000	bfe921fb54442d18	bfe921fb54442d18	0	ordinary
atan	3ff0000000000000	3fe921fb54442d18	3fe921fb54442d18	0	ordinary
atan	c000000000000000	bff1b6e192ebbe45	bff1b6e192ebbe44	1	ordinary
atan	4000000000000000	3ff1b6e192ebbe45	3ff1b6e192ebbe44	1	ordinary
atan	3fe6666666666666	3fe38b112d7bd4ad	3fe38b112d7bd4ad	0	ordinary
atan	3ffb333333333333	3ff0a00a3bce369f	3ff0a00a3bce369f	0	ordinary
atan	bfe6666666666666	bfe38b112d7bd4ad	bfe38b112d7bd4ad	0	ordinary
atan	3bc79ca10c924223	3bc79ca10c924223	3bc79ca10c924223	0	ordinary
atan	4415af1d78b58c40	3ff921fb54442d18	3ff921fb54442d18	0	ordinary
atan	400921fb54442d18	3ff433b8a322ddd2	3ff433b8a322ddd2	0	ordinary
atan	3fefffffffffffff	3fe921fb54442d18	3fe921fb54442d18	0	ordinary
atan	3ff0000000000001	3fe921fb54442d19	3fe921fb54442d19	0	ordinary
atanh	7ff8000000000000	7ff8000000000000	7ff8000000000000	0	exact
atanh	0000000000000000	0000000000000000	0000000000000000	0	exact
atanh	8000000000000000	8000000000000000	8000000000000000	0	exact
atanh	7ff0000000000000	7ff8000000000000	7ff8000000000000	0	exact
atanh	fff0000000000000	7ff8000000000000	7ff8000000000000	0	exact
atanh	0000000000000001	0000000000000001	0000000000000001	0	ordinary
atanh	7fefffffffffffff	7ff8000000000000	7ff8000000000000	0	exact
atanh	bff0000000000000	fff0000000000000	fff0000000000000	0	exact
atanh	3ff0000000000000	7ff0000000000000	7ff0000000000000	0	exact
atanh	c000000000000000	7ff8000000000000	7ff8000000000000	0	exact
atanh	4000000000000000	7ff8000000000000	7ff8000000000000	0	exact
atanh	3fe6666666666666	3febc0ed0947fbe9	3febc0ed0947fbe8	1	ordinary
atanh	3ffb333333333333	7ff8000000000000	7ff8000000000000	0	exact
atanh	bfe6666666666666	bfebc0ed0947fbe8	bfebc0ed0947fbe8	0	ordinary
atanh	3bc79ca10c924223	3bc79ca10c924223	3bc79ca10c924223	0	ordinary
atanh	4415af1d78b58c40	7ff8000000000000	7ff8000000000000	0	exact
atanh	400921fb54442d18	7ff8000000000000	7ff8000000000000	0	exact
atanh	3fefffffffffffff	4032b708872320e2	4032b708872320e2	0	ordinary
atanh	3ff0000000000001	7ff8000000000000	7ff8000000000000	0	exact
cbrt	7ff8000000000000	7ff8000000000000	7ff8000000000000	0	exact
cbrt	0000000000000000	0000000000000000	0000000000000000	0	exact
cbrt	8000000000000000	8000000000000000	8000000000000000	0	exact
cbrt	7ff0000000000000	7ff0000000000000	7ff0000000000000	0	exact
cbrt	fff0000000000000	fff0000000000000	fff0000000000000	0	exact
cbrt	0000000000000001	2990000000000000	2990000000000000	0	ordinary
cbrt	7fefffffffffffff	554428a2f98d728b	554428a2f98d728b	0	ordinary
cbrt	bff0000000000000	bff0000000000000	bff0000000000000	0	ordinary
cbrt	3ff0000000000000	3ff0000000000000	3ff0000000000000	0	ordinary
cbrt	c000000000000000	bff428a2f98d728b	bff428a2f98d728b	0	ordinary
cbrt	4000000000000000	3ff428a2f98d728b	3ff428a2f98d728b	0	ordinary
cbrt	3fe6666666666666	3fec69b5a72f1a9a	3fec69b5a72f1a99	1	ordinary
cbrt	3ffb333333333333	3ff31881d4da7529	3ff31881d4da7529	0	ordinary
cbrt	bfe6666666666666	bfec69b5a72f1a9a	bfec69b5a72f1a99	1	ordinary
cbrt	3bc79ca10c924223	3e8cea94cb5c6ff1	3e8cea94cb5c6ff1	0	ordinary
cbrt	4415af1d78b58c40	4151b4cd3559e96a	4151b4cd3559e96a	0	ordinary
cbrt	400921fb54442d18	3ff76ef7e73104b8	3ff76ef7e73104b7	1	ordinary
cbrt	3fefffffffffffff	3ff0000000000000	3ff0000000000000	0	ordinary
cbrt	3ff0000000000001	3ff0000000000000	3ff0000000000000	0	ordinary
cos	7ff8000000000000	7ff8000000000000	7ff8000000000000	0	exact
cos	0000000000000000	3ff0000000000000	3ff0000000000000	0	exact
cos	8000000000000000	3ff0000000000000	3ff0000000000000	0	exact
cos	7ff0000000000000	7ff8000000000000	7ff8000000000000	0	exact
cos	fff0000000000000	7ff8000000000000	7ff8000000000000	0	exact
cos	0000000000000001	3ff0000000000000	3ff0000000000000	0	ordinary
cos	7fefffffffffffff	bfefffe62ecfab75	bfefffe62ecfab75	0	ordinary
cos	bff0000000000000	3fe14a280fb5068c	3fe14a280fb5068c	0	ordinary
cos	3ff0000000000000	3fe14a280fb5068c	3fe14a280fb5068c	0	ordinary
cos	c000000000000000	bfdaa22657537205	bfdaa22657537205	0	ordinary
cos	4000000000000000	bfdaa22657537205	bfdaa22657537205	0	ordinary
cos	3fe6666666666666	3fe87996529f9d93	3fe87996529f9d93	0	ordinary
cos	3ffb333333333333	bfc07df9f4a26c86	bfc07df9f4a26c86	0	ordinary
cos	bfe6666666666666	3fe87996529f9d93	3fe87996529f9d93	0	ordinary
cos	3bc79ca10c924223	3ff0000000000000	3ff0000000000000	0	ordinary
cos	4415af1d78b58c40	3fe872720fc60d3d	3fe872720fc60d3d	0	ordinary
cos	400921fb54442d18	bff0000000000000	bff0000000000000	0	ordinary
cos	3fefffffffffffff	3fe14a280fb5068c	3fe14a280fb5068c	0	ordinary
cos	3ff0000000000001	3fe14a280fb5068a	3fe14a280fb5068a	0	ordinary
cosh	7ff8000000000000	7ff8000000000000	7ff8000000000000	0	exact
cosh	0000000000000000	3ff0000000000000	3ff0000000000000	0	exact
cosh	8000000000000000	3ff0000000000000	3ff0000000000000	0	exact
cosh	7ff0000000000000	7ff0000000000000	7ff0000000000000	0	exact
cosh	fff0000000000000	7ff0000000000000	7ff0000000000000	0	exact
cosh	0000000000000001	3ff0000000000000	3ff0000000000000	0	ordinary
cosh	7fefffffffffffff	7ff0000000000000	7ff0000000000000	0	exact
cosh	bff0000000000000	3ff8b07551d9f550	3ff8b07551d9f551	1	ordinary
cosh	3ff0000000000000	3ff8b07551d9f550	3ff8b07551d9f551	1	ordinary
cosh	c000000000000000	400e18fa0df2d9bc	400e18fa0df2d9bc	0	ordinary
cosh	4000000000000000	400e18fa0df2d9bc	400e18fa0df2d9bc	0	ordinary
cosh	3fe6666666666666	3ff4152c1862342f	3ff4152c1862342f	0	ordinary
cosh	3ffb333333333333	4006a063dad344f7	4006a063dad344f6	1	ordinary
cosh	bfe6666666666666	3ff4152c1862342f	3ff4152c1862342f	0	ordinary
cosh	3bc79ca10c924223	3ff0000000000000	3ff0000000000000	0	ordinary
cosh	4415af1d78b58c40	7ff0000000000000	7ff0000000000000	0	exact
cosh	400921fb54442d18	40272f147fee4000	40272f147fee4000	0	ordinary
cosh	3fefffffffffffff	3ff8b07551d9f550	3ff8b07551d9f550	0	ordinary
cosh	3ff0000000000001	3ff8b07551d9f551	3ff8b07551d9f552	1	ordinary
exp	7ff8000000000000	7ff8000000000000	7ff8000000000000	0	exact
exp	0000000000000000	3ff0000000000000	3ff0000000000000	0	exact
exp	8000000000000000	3ff0000000000000	3ff0000000000000	0	exact
exp	7ff0000000000000	7ff0000000000000	7ff0000000000000	0	exact
exp	fff0000000000000	0000000000000000	0000000000000000	0	exact
exp	0000000000000001	3ff0000000000000	3ff0000000000000	0	ordinary
exp	7fefffffffffffff	7ff0000000000000	7ff0000000000000	0	exact
exp	bff0000000000000	3fd78b56362cef38	3fd78b56362cef38	0	ordinary
exp	3ff0000000000000	4005bf0a8b145769	4005bf0a8b14576a	1	ordinary
exp	c000000000000000	3fc152aaa3bf81cc	3fc152aaa3bf81cc	0	ordinary
exp	4000000000000000	401d8e64b8d4ddae	401d8e64b8d4ddae	0	ordinary
exp	3fe6666666666666	40001c2a61268987	40001c2a61268987	0	ordinary
exp	3ffb333333333333	4015e552770df8a7	4015e552770df8a6	1	ordinary
exp	bfe6666666666666	3fdfc80db9dd5542	3fdfc80db9dd5542	0	ordinary
exp	3bc79ca10c924223	3ff0000000000000	3ff0000000000000	0	ordinary
exp	4415af1d78b58c40	7ff0000000000000	7ff0000000000000	0	exact
exp	400921fb54442d18	403724046eb09339	403724046eb09339	0	ordinary
exp	3fefffffffffffff	4005bf0a8b145769	4005bf0a8b145769	0	ordinary
exp	3ff0000000000001	4005bf0a8b14576b	4005bf0a8b14576b	0	ordinary
expm1	7ff8000000000000	7ff8000000000000	7ff8000000000000	0	exact
expm1	0000000000000000	0000000000000000	0000000000000000	0	exact
expm1	8000000000000000	8000000000000000	8000000000000000	0	exact
expm1	7ff0000000000000	7ff0000000000000	7ff0000000000000	0	exact
expm1	fff0000000000000	bff0000000000000	bff0000000000000	0	exact
expm1	0000000000000001	0000000000000001	0000000000000001	0	ordinary
expm1	7fefffffffffffff	7ff0000000000000	7ff0000000000000	0	exact
expm1	bff0000000000000	bfe43a54e4e98864	bfe43a54e4e98864	0	ordinary
expm1	3ff0000000000000	3ffb7e151628aed3	3ffb7e151628aed2	1	ordinary
expm1	c000000000000000	bfebab5557101f8d	bfebab5557101f8d	0	ordinary
expm1	4000000000000000	40198e64b8d4ddae	40198e64b8d4ddae	0	ordinary
expm1	3fe6666666666666	3ff03854c24d130d	3ff03854c24d130d	0	ordinary
expm1	3ffb333333333333	4011e552770df8a7	4011e552770df8a6	1	ordinary
expm1	bfe6666666666666	bfe01bf92311555f	bfe01bf92311555f	0	ordinary
expm1	3bc79ca10c924223	3bc79ca10c924223	3bc79ca10c924223	0	ordinary
expm1	4415af1d78b58c40	7ff0000000000000	7ff0000000000000	0	exact
expm1	400921fb54442d18	403624046eb09339	403624046eb09339	0	ordinary
expm1	3fefffffffffffff	3ffb7e151628aed1	3ffb7e151628aed1	0	ordinary
expm1	3ff0000000000001	3ffb7e151628aed5	3ffb7e151628aed6	1	ordinary
log	7ff8000000000000	7ff8000000000000	7ff8000000000000	0	exact
log	0000000000000000	fff0000000000000	fff0000000000000	0	exact
log	8000000000000000	fff0000000000000	fff0000000000000	0	exact
log	7ff0000000000000	7ff0000000000000	7ff0000000000000	0	exact
log	fff0000000000000	7ff8000000000000	7ff8000000000000	0	exact
log	0000000000000001	c0874385446d71c3	c0874385446d71c3	0	ordinary
log	7fefffffffffffff	40862e42fefa39ef	40862e42fefa39ef	0	ordinary
log	bff0000000000000	7ff8000000000000	7ff8000000000000	0	exact
log	3ff0000000000000	0000000000000000	0000000000000000	0	exact
log	c000000000000000	7ff8000000000000	7ff8000000000000	0	exact
log	4000000000000000	3fe62e42fefa39ef	3fe62e42fefa39ef	0	ordinary
log	3fe6666666666666	bfd6d3c324e13f50	bfd6d3c324e13f50	0	ordinary
log	3ffb333333333333	3fe0fae81914a991	3fe0fae81914a991	0	ordinary
log	bfe6666666666666	7ff8000000000000	7ff8000000000000	0	exact
log	3bc79ca10c924223	c047069e2aa2aa5b	c047069e2aa2aa5b	0	ordinary
log	4415af1d78b58c40	4047069e2aa2aa5b	4047069e2aa2aa5b	0	ordinary
log	400921fb54442d18	3ff250d048e7a1bd	3ff250d048e7a1bd	0	ordinary
log	3fefffffffffffff	bca0000000000000	bca0000000000000	0	ordinary
log	3ff0000000000001	3cafffffffffffff	3cafffffffffffff	0	ordinary
log1p	7ff8000000000000	7ff8000000000000	7ff8000000000000	0	exact
log1p	0000000000000000	0000000000000000	0000000000000000	0	exact
log1p	8000000000000000	8000000000000000	8000000000000000	0	exact
log1p	7ff0000000000000	7ff0000000000000	7ff0000000000000	0	exact
log1p	fff0000000000000	7ff8000000000000	7ff8000000000000	0	exact
log1p	0000000000000001	0000000000000001	0000000000000001	0	ordinary
log1p	7fefffffffffffff	40862e42fefa39ef	40862e42fefa39ef	0	ordinary
log1p	bff0000000000000	fff0000000000000	fff0000000000000	0	exact
log1p	3ff0000000000000	3fe62e42fefa39ef	3fe62e42fefa39ef	0	ordinary
log1p	c000000000000000	7ff8000000000000	7ff8000000000000	0	exact
log1p	4000000000000000	3ff193ea7aad030b	3ff193ea7aad030a	1	ordinary
log1p	3fe6666666666666	3fe0fae81914a991	3fe0fae81914a991	0	ordinary
log1p	3ffb333333333333	3fefc8b7f138bde9	3fefc8b7f138bdea	1	ordinary
log1p	bfe6666666666666	bff34378fcbda720	bff34378fcbda720	0	ordinary
log1p	3bc79ca10c924223	3bc79ca10c924223	3bc79ca10c924223	0	ordinary
log1p	4415af1d78b58c40	4047069e2aa2aa5b	4047069e2aa2aa5b	0	ordinary
log1p	400921fb54442d18	3ff6bcbed09f00af	3ff6bcbed09f00af	0	ordinary
log1p	3fefffffffffffff	3fe62e42fefa39ef	3fe62e42fefa39ef	0	ordinary
log1p	3ff0000000000001	3fe62e42fefa39f0	3fe62e42fefa39f0	0	ordinary
log10	7ff8000000000000	7ff8000000000000	7ff8000000000000	0	exact
log10	0000000000000000	fff0000000000000	fff0000000000000	0	exact
log10	8000000000000000	fff0000000000000	fff0000000000000	0	exact
log10	7ff0000000000000	7ff0000000000000	7ff0000000000000	0	exact
log10	fff0000000000000	7ff8000000000000	7ff8000000000000	0	exact
log10	0000000000000001	c07434e6420f4374	c07434e6420f4374	0	ordinary
log10	7fefffffffffffff	40734413509f79ff	40734413509f79ff	0	ordinary
log10	bff0000000000000	7ff8000000000000	7ff8000000000000	0	exact
log10	3ff0000000000000	0000000000000000	0000000000000000	0	exact
log10	c000000000000000	7ff8000000000000	7ff8000000000000	0	exact
log10	4000000000000000	3fd34413509f79ff	3fd34413509f79ff	0	ordinary
log10	3fe6666666666666	bfc3d3d3d21ccf04	bfc3d3d3d21ccf04	0	ordinary
log10	3ffb333333333333	3fcd7f59aa5becb9	3fcd7f59aa5becb9	0	ordinary
log10	bfe6666666666666	7ff8000000000000	7ff8000000000000	0	exact
log10	3bc79ca10c924223	c034000000000000	c034000000000000	0	ordinary
log10	4415af1d78b58c40	4034000000000000	4034000000000000	0	ordinary
log10	400921fb54442d18	3fdfd14db31ba3bb	3fdfd14db31ba3bb	0	ordinary
log10	3fefffffffffffff	bc8bcb7b1526e50f	bc8bcb7b1526e50f	0	ordinary
log10	3ff0000000000001	3c9bcb7b1526e50d	3c9bcb7b1526e50d	0	ordinary
log2	7ff8000000000000	7ff8000000000000	7ff8000000000000	0	exact
log2	0000000000000000	fff0000000000000	fff0000000000000	0	exact
log2	8000000000000000	fff0000000000000	fff0000000000000	0	exact
log2	7ff0000000000000	7ff0000000000000	7ff0000000000000	0	exact
log2	fff0000000000000	7ff8000000000000	7ff8000000000000	0	exact
log2	0000000000000001	c090c80000000000	c090c80000000000	0	ordinary
log2	7fefffffffffffff	4090000000000000	4090000000000000	0	ordinary
log2	bff0000000000000	7ff8000000000000	7ff8000000000000	0	exact
log2	3ff0000000000000	0000000000000000	0000000000000000	0	exact
log2	c000000000000000	7ff8000000000000	7ff8000000000000	0	exact
log2	4000000000000000	3ff0000000000000	3ff0000000000000	0	ordinary
log2	3fe6666666666666	bfe0776228967d13	bfe0776228967d13	0	ordinary
log2	3ffb333333333333	3fe87f42b972949d	3fe87f42b972949d	0	ordinary
log2	bfe6666666666666	7ff8000000000000	7ff8000000000000	0	exact
log2	3bc79ca10c924223	c0509c1165ec0627	c0509c1165ec0627	0	ordinary
log2	4415af1d78b58c40	40509c1165ec0627	40509c1165ec0627	0	ordinary
log2	400921fb54442d18	3ffa6c873498ddf7	3ffa6c873498ddf7	0	ordinary
log2	3fefffffffffffff	bca71547652b82fe	bca71547652b82fe	0	ordinary
log2	3ff0000000000001	3cb71547652b82fd	3cb71547652b82fd	0	ordinary
sin	7ff8000000000000	7ff8000000000000	7ff8000000000000	0	exact
sin	0000000000000000	0000000000000000	0000000000000000	0	exact
sin	8000000000000000	8000000000000000	8000000000000000	0	exact
sin	7ff0000000000000	7ff8000000000000	7ff8000000000000	0	exact
sin	fff0000000000000	7ff8000000000000	7ff8000000000000	0	exact
sin	0000000000000001	0000000000000001	0000000000000001	0	ordinary
sin	7fefffffffffffff	3f7452fc98b34e97	3f7452fc98b34e97	0	ordinary
sin	bff0000000000000	bfeaed548f090cee	bfeaed548f090cee	0	ordinary
sin	3ff0000000000000	3feaed548f090cee	3feaed548f090cee	0	ordinary
sin	c000000000000000	bfed18f6ead1b446	bfed18f6ead1b446	0	ordinary
sin	4000000000000000	3fed18f6ead1b446	3fed18f6ead1b446	0	ordinary
sin	3fe6666666666666	3fe49d6e694619b8	3fe49d6e694619b8	0	ordinary
sin	3ffb333333333333	3fefbbb7d72f98b6	3fefbbb7d72f98b6	0	ordinary
sin	bfe6666666666666	bfe49d6e694619b8	bfe49d6e694619b8	0	ordinary
sin	3bc79ca10c924223	3bc79ca10c924223	3bc79ca10c924223	0	ordinary
sin	4415af1d78b58c40	bfe4a5e605fd6450	bfe4a5e605fd6450	0	ordinary
sin	400921fb54442d18	3ca1a62633145c07	3ca1a62633145c07	0	ordinary
sin	3fefffffffffffff	3feaed548f090ced	3feaed548f090ced	0	ordinary
sin	3ff0000000000001	3feaed548f090cef	3feaed548f090cef	0	ordinary
sinh	7ff8000000000000	7ff8000000000000	7ff8000000000000	0	exact
sinh	0000000000000000	0000000000000000	0000000000000000	0	exact
sinh	8000000000000000	8000000000000000	8000000000000000	0	exact
sinh	7ff0000000000000	7ff0000000000000	7ff0000000000000	0	exact
sinh	fff0000000000000	fff0000000000000	fff0000000000000	0	exact
sinh	0000000000000001	0000000000000001	0000000000000001	0	ordinary
sinh	7fefffffffffffff	7ff0000000000000	7ff0000000000000	0	exact
sinh	bff0000000000000	bff2cd9fc44eb982	bff2cd9fc44eb982	0	ordinary
sinh	3ff0000000000000	3ff2cd9fc44eb982	3ff2cd9fc44eb982	0	ordinary
sinh	c000000000000000	c00d03cf63b6e19f	c00d03cf63b6e1a0	1	ordinary
sinh	4000000000000000	400d03cf63b6e19f	400d03cf63b6e1a0	1	ordinary
sinh	3fe6666666666666	3fe8465153d5bdbd	3fe8465153d5bdbc	1	ordinary
sinh	3ffb333333333333	40052a411348ac56	40052a411348ac56	0	ordinary
sinh	bfe6666666666666	bfe8465153d5bdbd	bfe8465153d5bdbc	1	ordinary
sinh	3bc79ca10c924223	3bc79ca10c924223	3bc79ca10c924223	0	ordinary
sinh	4415af1d78b58c40	7ff0000000000000	7ff0000000000000	0	exact
sinh	400921fb54442d18	402718f45d72e671	402718f45d72e672	1	ordinary
sinh	3fefffffffffffff	3ff2cd9fc44eb982	3ff2cd9fc44eb982	0	ordinary
sinh	3ff0000000000001	3ff2cd9fc44eb984	3ff2cd9fc44eb984	0	ordinary
tan	7ff8000000000000	7ff8000000000000	7ff8000000000000	0	exact
tan	0000000000000000	0000000000000000	0000000000000000	0	exact
tan	8000000000000000	8000000000000000	8000000000000000	0	exact
tan	7ff0000000000000	7ff8000000000000	7ff8000000000000	0	exact
tan	fff0000000000000	7ff8000000000000	7ff8000000000000	0	exact
tan	0000000000000001	0000000000000001	0000000000000001	0	ordinary
tan	7fefffffffffffff	bf74530cfe729483	bf74530cfe729484	1	ordinary
tan	bff0000000000000	bff8eb245cbee3a5	bff8eb245cbee3a6	1	ordinary
tan	3ff0000000000000	3ff8eb245cbee3a5	3ff8eb245cbee3a6	1	ordinary
tan	c000000000000000	40017af62e0950f8	40017af62e0950f8	0	ordinary
tan	4000000000000000	c0017af62e0950f8	c0017af62e0950f8	0	ordinary
tan	3fe6666666666666	3feaf406c2fc78ad	3feaf406c2fc78ae	1	ordinary
tan	3ffb333333333333	c01ec952123d33f2	c01ec952123d33f2	0	ordinary
tan	bfe6666666666666	bfeaf406c2fc78ad	bfeaf406c2fc78ae	1	ordinary
tan	3bc79ca10c924223	3bc79ca10c924223	3bc79ca10c924223	0	ordinary
tan	4415af1d78b58c40	bfeb06fbbe995395	bfeb06fbbe995394	1	ordinary
tan	400921fb54442d18	bca1a62633145c07	bca1a62633145c07	0	ordinary
tan	3fefffffffffffff	3ff8eb245cbee3a3	3ff8eb245cbee3a4	1	ordinary
tan	3ff0000000000001	3ff8eb245cbee3a9	3ff8eb245cbee3a9	0	ordinary
tanh	7ff8000000000000	7ff8000000000000	7ff8000000000000	0	exact
tanh	0000000000000000	0000000000000000	0000000000000000	0	exact
tanh	8000000000000000	8000000000000000	8000000000000000	0	exact
tanh	7ff0000000000000	3ff0000000000000	3ff0000000000000	0	exact
tanh	fff0000000000000	bff0000000000000	bff0000000000000	0	exact
tanh	0000000000000001	0000000000000001	0000000000000001	0	ordinary
tanh	7fefffffffffffff	3ff0000000000000	3ff0000000000000	0	ordinary
tanh	bff0000000000000	bfe85efab514f394	bfe85efab514f394	0	ordinary
tanh	3ff0000000000000	3fe85efab514f394	3fe85efab514f394	0	ordinary
tanh	c000000000000000	bfeed9505e1bc3d4	bfeed9505e1bc3d4	0	ordinary
tanh	4000000000000000	3feed9505e1bc3d4	3feed9505e1bc3d4	0	ordinary
tanh	3fe6666666666666	3fe356fb17af2e91	3fe356fb17af2e90	1	ordinary
tanh	3ffb333333333333	3fedeedf00d3e7f5	3fedeedf00d3e7f5	0	ordinary
tanh	bfe6666666666666	bfe356fb17af2e91	bfe356fb17af2e90	1	ordinary
tanh	3bc79ca10c924223	3bc79ca10c924223	3bc79ca10c924223	0	ordinary
tanh	4415af1d78b58c40	3ff0000000000000	3ff0000000000000	0	ordinary
tanh	400921fb54442d18	3fefe175fa292810	3fefe175fa292810	0	ordinary
tanh	3fefffffffffffff	3fe85efab514f394	3fe85efab514f394	0	ordinary
tanh	3ff0000000000001	3fe85efab514f395	3fe85efab514f395	0	ordinary
atan2	7ff8000000000000,3ff4cccccccccccd	7ff8000000000000	7ff8000000000000	0	exact
atan2	0000000000000000,3ff4cccccccccccd	0000000000000000	0000000000000000	0	exact
atan2	8000000000000000,3ff4cccccccccccd	8000000000000000	8000000000000000	0	exact
atan2	7ff0000000000000,3ff4cccccccccccd	3ff921fb54442d18	3ff921fb54442d18	0	exact
atan2	fff0000000000000,3ff4cccccccccccd	bff921fb54442d18	bff921fb54442d18	0	exact
atan2	0000000000000001,3ff4cccccccccccd	0000000000000001	0000000000000001	0	ordinary
atan2	7fefffffffffffff,3ff4cccccccccccd	3ff921fb54442d18	3ff921fb54442d18	0	ordinary
atan2	bff0000000000000,3ff4cccccccccccd	bfe4fb7564dacded	bfe4fb7564dacdec	1	ordinary
atan2	3ff0000000000000,3ff4cccccccccccd	3fe4fb7564dacded	3fe4fb7564dacdec	1	ordinary
atan2	c000000000000000,3ff4cccccccccccd	bfefd24c36331b5c	bfefd24c36331b5c	0	ordinary
atan2	4000000000000000,3ff4cccccccccccd	3fefd24c36331b5c	3fefd24c36331b5c	0	ordinary
atan2	3fe6666666666666,3ff4cccccccccccd	3fdf9cbc4269ab2a	3fdf9cbc4269ab2a	0	ordinary
atan2	3ffb333333333333,3ff4cccccccccccd	3fed5fd80a4c241b	3fed5fd80a4c241b	0	ordinary
atan2	bfe6666666666666,3ff4cccccccccccd	bfdf9cbc4269ab2a	bfdf9cbc4269ab2a	0	ordinary
atan2	3bc79ca10c924223,3ff4cccccccccccd	3bc229b6f5fa5a42	3bc229b6f5fa5a42	0	ordinary
atan2	4415af1d78b58c40,3ff4cccccccccccd	3ff921fb54442d18	3ff921fb54442d18	0	ordinary
atan2	400921fb54442d18,3ff4cccccccccccd	3ff2daec247456a6	3ff2daec247456a6	0	ordinary
atan2	3fefffffffffffff,3ff4cccccccccccd	3fe4fb7564dacdec	3fe4fb7564dacdec	0	ordinary
atan2	3ff0000000000001,3ff4cccccccccccd	3fe4fb7564dacdee	3fe4fb7564dacdee	0	ordinary
atan2	7ff8000000000000,7ff8000000000000	7ff8000000000000	7ff8000000000000	0	exact
atan2	7ff8000000000000,0000000000000000	7ff8000000000000	7ff8000000000000	0	exact
atan2	7ff8000000000000,8000000000000000	7ff8000000000000	7ff8000000000000	0	exact
atan2	7ff8000000000000,7ff0000000000000	7ff8000000000000	7ff8000000000000	0	exact
atan2	7ff8000000000000,fff0000000000000	7ff8000000000000	7ff8000000000000	0	exact
atan2	7ff8000000000000,0000000000000001	7ff8000000000000	7ff8000000000000	0	exact
atan2	7ff8000000000000,7fefffffffffffff	7ff8000000000000	7ff8000000000000	0	exact
atan2	7ff8000000000000,bff0000000000000	7ff8000000000000	7ff8000000000000	0	exact
atan2	7ff8000000000000,3ff0000000000000	7ff8000000000000	7ff8000000000000	0	exact
atan2	7ff8000000000000,c000000000000000	7ff8000000000000	7ff8000000000000	0	exact
atan2	7ff8000000000000,4000000000000000	7ff8000000000000	7ff8000000000000	0	exact
atan2	0000000000000000,7ff8000000000000	7ff8000000000000	7ff8000000000000	0	exact
atan2	0000000000000000,0000000000000000	0000000000000000	0000000000000000	0	exact
atan2	0000000000000000,8000000000000000	400921fb54442d18	400921fb54442d18	0	exact
atan2	0000000000000000,7ff0000000000000	0000000000000000	0000000000000000	0	exact
atan2	0000000000000000,fff0000000000000	400921fb54442d18	400921fb54442d18	0	exact
atan2	0000000000000000,0000000000000001	0000000000000000	0000000000000000	0	exact
atan2	0000000000000000,7fefffffffffffff	0000000000000000	0000000000000000	0	exact
atan2	0000000000000000,bff0000000000000	400921fb54442d18	400921fb54442d18	0	exact
atan2	0000000000000000,3ff0000000000000	0000000000000000	0000000000000000	0	exact
atan2	0000000000000000,c000000000000000	400921fb54442d18	400921fb54442d18	0	exact
atan2	0000000000000000,4000000000000000	0000000000000000	0000000000000000	0	exact
atan2	8000000000000000,7ff8000000000000	7ff8000000000000	7ff8000000000000	0	exact
atan2	8000000000000000,0000000000000000	8000000000000000	8000000000000000	0	exact
atan2	8000000000000000,8000000000000000	c00921fb54442d18	c00921fb54442d18	0	exact
atan2	8000000000000000,7ff0000000000000	8000000000000000	8000000000000000	0	exact
atan2	8000000000000000,fff0000000000000	c00921fb54442d18	c00921fb54442d18	0	exact
atan2	8000000000000000,0000000000000001	8000000000000000	8000000000000000	0	exact
atan2	8000000000000000,7fefffffffffffff	8000000000000000	8000000000000000	0	exact
atan2	8000000000000000,bff0000000000000	c00921fb54442d18	c00921fb54442d18	0	exact
atan2	8000000000000000,3ff0000000000000	8000000000000000	8000000000000000	0	exact
atan2	8000000000000000,c000000000000000	c00921fb54442d18	c00921fb54442d18	0	exact
atan2	8000000000000000,4000000000000000	8000000000000000	8000000000000000	0	exact
atan2	7ff0000000000000,7ff8000000000000	7ff8000000000000	7ff8000000000000	0	exact
atan2	7ff0000000000000,0000000000000000	3ff921fb54442d18	3ff921fb54442d18	0	exact
atan2	7ff0000000000000,8000000000000000	3ff921fb54442d18	3ff921fb54442d18	0	exact
atan2	7ff0000000000000,7ff0000000000000	3fe921fb54442d18	3fe921fb54442d18	0	exact
atan2	7ff0000000000000,fff0000000000000	4002d97c7f3321d2	4002d97c7f3321d2	0	exact
atan2	7ff0000000000000,0000000000000001	3ff921fb54442d18	3ff921fb54442d18	0	exact
atan2	7ff0000000000000,7fefffffffffffff	3ff921fb54442d18	3ff921fb54442d18	0	exact
atan2	7ff0000000000000,bff0000000000000	3ff921fb54442d18	3ff921fb54442d18	0	exact
atan2	7ff0000000000000,3ff0000000000000	3ff921fb54442d18	3ff921fb54442d18	0	exact
atan2	7ff0000000000000,c000000000000000	3ff921fb54442d18	3ff921fb54442d18	0	exact
atan2	7ff0000000000000,4000000000000000	3ff921fb54442d18	3ff921fb54442d18	0	exact
atan2	fff0000000000000,7ff8000000000000	7ff8000000000000	7ff8000000000000	0	exact
atan2	fff0000000000000,0000000000000000	bff921fb54442d18	bff921fb54442d18	0	exact
atan2	fff0000000000000,8000000000000000	bff921fb54442d18	bff921fb54442d18	0	exact
atan2	fff0000000000000,7ff0000000000000	bfe921fb54442d18	bfe921fb54442d18	0	exact
atan2	fff0000000000000,fff0000000000000	c002d97c7f3321d2	c002d97c7f3321d2	0	exact
atan2	fff0000000000000,0000000000000001	bff921fb54442d18	bff921fb54442d18	0	exact
atan2	fff0000000000000,7fefffffffffffff	bff921fb54442d18	bff921fb54442d18	0	exact
atan2	fff0000000000000,bff0000000000000	bff921fb54442d18	bff921fb54442d18	0	exact
atan2	fff0000000000000,3ff0000000000000	bff921fb54442d18	bff921fb54442d18	0	exact
atan2	fff0000000000000,c000000000000000	bff921fb54442d18	bff921fb54442d18	0	exact
atan2	fff0000000000000,4000000000000000	bff921fb54442d18	bff921fb54442d18	0	exact
atan2	0000000000000001,7ff8000000000000	7ff8000000000000	7ff8000000000000	0	exact
atan2	0000000000000001,0000000000000000	3ff921fb54442d18	3ff921fb54442d18	0	exact
atan2	0000000000000001,8000000000000000	3ff921fb54442d18	3ff921fb54442d18	0	exact
atan2	0000000000000001,7ff0000000000000	0000000000000000	0000000000000000	0	exact
atan2	0000000000000001,fff0000000000000	400921fb54442d18	400921fb54442d18	0	exact
atan2	0000000000000001,0000000000000001	3fe921fb54442d18	3fe921fb54442d18	0	ordinary
atan2	0000000000000001,7fefffffffffffff	0000000000000000	0000000000000000	0	exact
atan2	0000000000000001,bff0000000000000	400921fb54442d18	400921fb54442d18	0	ordinary
atan2	0000000000000001,3ff0000000000000	0000000000000001	0000000000000001	0	ordinary
atan2	0000000000000001,c000000000000000	400921fb54442d18	400921fb54442d18	0	ordinary
atan2	0000000000000001,4000000000000000	0000000000000000	0000000000000000	0	exact
atan2	7fefffffffffffff,7ff8000000000000	7ff8000000000000	7ff8000000000000	0	exact
atan2	7fefffffffffffff,0000000000000000	3ff921fb54442d18	3ff921fb54442d18	0	exact
atan2	7fefffffffffffff,8000000000000000	3ff921fb54442d18	3ff921fb54442d18	0	exact
atan2	7fefffffffffffff,7ff0000000000000	0000000000000000	0000000000000000	0	exact
atan2	7fefffffffffffff,fff0000000000000	400921fb54442d18	400921fb54442d18	0	exact
atan2	7fefffffffffffff,0000000000000001	3ff921fb54442d18	3ff921fb54442d18	0	ordinary
atan2	7fefffffffffffff,7fefffffffffffff	3fe921fb54442d18	3fe921fb54442d18	0	ordinary
atan2	7fefffffffffffff,bff0000000000000	3ff921fb54442d18	3ff921fb54442d18	0	ordinary
atan2	7fefffffffffffff,3ff0000000000000	3ff921fb54442d18	3ff921fb54442d18	0	ordinary
atan2	7fefffffffffffff,c000000000000000	3ff921fb54442d18	3ff921fb54442d18	0	ordinary
atan2	7fefffffffffffff,4000000000000000	3ff921fb54442d18	3ff921fb54442d18	0	ordinary
atan2	bff0000000000000,7ff8000000000000	7ff8000000000000	7ff8000000000000	0	exact
atan2	bff0000000000000,0000000000000000	bff921fb54442d18	bff921fb54442d18	0	exact
atan2	bff0000000000000,8000000000000000	bff921fb54442d18	bff921fb54442d18	0	exact
atan2	bff0000000000000,7ff0000000000000	8000000000000000	8000000000000000	0	exact
atan2	bff0000000000000,fff0000000000000	c00921fb54442d18	c00921fb54442d18	0	exact
atan2	bff0000000000000,0000000000000001	bff921fb54442d18	bff921fb54442d18	0	ordinary
atan2	bff0000000000000,7fefffffffffffff	8004000000000000	8004000000000000	0	ordinary
atan2	bff0000000000000,bff0000000000000	c002d97c7f3321d2	c002d97c7f3321d2	0	ordinary
atan2	bff0000000000000,3ff0000000000000	bfe921fb54442d18	bfe921fb54442d18	0	ordinary
atan2	bff0000000000000,c000000000000000	c0056c6e7397f5ae	c0056c6e7397f5ae	0	ordinary
atan2	bff0000000000000,4000000000000000	bfddac670561bb4f	bfddac670561bb4f	0	ordinary
atan2	3ff0000000000000,7ff8000000000000	7ff8000000000000	7ff8000000000000	0	exact
atan2	3ff0000000000000,0000000000000000	3ff921fb54442d18	3ff921fb54442d18	0	exact
atan2	3ff0000000000000,8000000000000000	3ff921fb54442d18	3ff921fb54442d18	0	exact
atan2	3ff0000000000000,7ff0000000000000	0000000000000000	0000000000000000	0	exact
atan2	3ff0000000000000,fff0000000000000	400921fb54442d18	400921fb54442d18	0	exact
atan2	3ff0000000000000,0000000000000001	3ff921fb54442d18	3ff921fb54442d18	0	ordinary
atan2	3ff0000000000000,7fefffffffffffff	0004000000000000	0004000000000000	0	ordinary
atan2	3ff0000000000000,bff0000000000000	4002d97c7f3321d2	4002d97c7f3321d2	0	ordinary
atan2	3ff0000000000000,3ff0000000000000	3fe921fb54442d18	3fe921fb54442d18	0	ordinary
atan2	3ff0000000000000,c000000000000000	40056c6e7397f5ae	40056c6e7397f5ae	0	ordinary
atan2	3ff0000000000000,4000000000000000	3fddac670561bb4f	3fddac670561bb4f	0	ordinary
atan2	c000000000000000,7ff8000000000000	7ff8000000000000	7ff8000000000000	0	exact
atan2	c000000000000000,0000000000000000	bff921fb54442d18	bff921fb54442d18	0	exact
atan2	c000000000000000,8000000000000000	bff921fb54442d18	bff921fb54442d18	0	exact
atan2	c000000000000000,7ff0000000000000	8000000000000000	8000000000000000	0	exact
atan2	c000000000000000,fff0000000000000	c00921fb54442d18	c00921fb54442d18	0	exact
atan2	c000000000000000,0000000000000001	bff921fb54442d18	bff921fb54442d18	0	ordinary
atan2	c000000000000000,7fefffffffffffff	8008000000000000	8008000000000000	0	ordinary
atan2	c000000000000000,bff0000000000000	c000468a8ace4df6	c000468a8ace4df6	0	ordinary
atan2	c000000000000000,3ff0000000000000	bff1b6e192ebbe44	bff1b6e192ebbe44	0	ordinary
atan2	c000000000000000,c000000000000000	c002d97c7f3321d2	c002d97c7f3321d2	0	ordinary
atan2	c000000000000000,4000000000000000	bfe921fb54442d18	bfe921fb54442d18	0	ordinary
atan2	4000000000000000,7ff8000000000000	7ff8000000000000	7ff8000000000000	0	exact
atan2	4000000000000000,0000000000000000	3ff921fb54442d18	3ff921fb54442d18	0	exact
atan2	4000000000000000,8000000000000000	3ff921fb54442d18	3ff921fb54442d18	0	exact
atan2	4000000000000000,7ff0000000000000	0000000000000000	0000000000000000	0	exact
atan2	4000000000000000,fff0000000000000	400921fb54442d18	400921fb54442d18	0	exact
atan2	4000000000000000,0000000000000001	3ff921fb54442d18	3ff921fb54442d18	0	ordinary
atan2	4000000000000000,7fefffffffffffff	0008000000000000	0008000000000000	0	ordinary
atan2	4000000000000000,bff0000000000000	4000468a8ace4df6	4000468a8ace4df6	0	ordinary
atan2	4000000000000000,3ff0000000000000	3ff1b6e192ebbe44	3ff1b6e192ebbe44	0	ordinary
atan2	4000000000000000,c000000000000000	4002d97c7f3321d2	4002d97c7f3321d2	0	ordinary
atan2	4000000000000000,4000000000000000	3fe921fb54442d18	3fe921fb54442d18	0	ordinary
pow	7ff8000000000000,3ff4cccccccccccd	7ff8000000000000	7ff8000000000000	0	exact
pow	0000000000000000,3ff4cccccccccccd	0000000000000000	0000000000000000	0	exact
pow	8000000000000000,3ff4cccccccccccd	0000000000000000	0000000000000000	0	exact
pow	7ff0000000000000,3ff4cccccccccccd	7ff0000000000000	7ff0000000000000	0	exact
pow	fff0000000000000,3ff4cccccccccccd	7ff0000000000000	7ff0000000000000	0	exact
pow	0000000000000001,3ff4cccccccccccd	0000000000000000	0000000000000000	0	exact
pow	7fefffffffffffff,3ff4cccccccccccd	7ff0000000000000	7ff0000000000000	0	exact
pow	bff0000000000000,3ff4cccccccccccd	7ff8000000000000	7ff8000000000000	0	exact
pow	3ff0000000000000,3ff4cccccccccccd	3ff0000000000000	3ff0000000000000	0	ordinary
pow	c000000000000000,3ff4cccccccccccd	7ff8000000000000	7ff8000000000000	0	exact
pow	4000000000000000,3ff4cccccccccccd	4003b2c47bff8329	4003b2c47bff8329	0	ordinary
pow	3fe6666666666666,3ff4cccccccccccd	3fe4207e29c0d5e5	3fe4207e29c0d5e4	1	ordinary
pow	3ffb333333333333,3ff4cccccccccccd	3fffe4c32630d4d8	3fffe4c32630d4d8	0	ordinary
pow	bfe6666666666666,3ff4cccccccccccd	7ff8000000000000	7ff8000000000000	0	exact
pow	3bc79ca10c924223,3ff4cccccccccccd	3a88c240c4aecb05	3a88c240c4aecb05	0	ordinary
pow	4415af1d78b58c40,3ff4cccccccccccd	4554adf4b7320341	4554adf4b7320340	1	ordinary
pow	400921fb54442d18,3ff4cccccccccccd	4011b72ec80b701b	4011b72ec80b701b	0	ordinary
pow	3fefffffffffffff,3ff4cccccccccccd	3fefffffffffffff	3fefffffffffffff	0	ordinary
pow	3ff0000000000001,3ff4cccccccccccd	3ff0000000000001	3ff0000000000001	0	ordinary
pow	7ff8000000000000,7ff8000000000000	7ff8000000000000	7ff8000000000000	0	exact
pow	7ff8000000000000,0000000000000000	3ff0000000000000	3ff0000000000000	0	exact
pow	7ff8000000000000,8000000000000000	3ff0000000000000	3ff0000000000000	0	exact
pow	7ff8000000000000,7ff0000000000000	7ff8000000000000	7ff8000000000000	0	exact
pow	7ff8000000000000,fff0000000000000	7ff8000000000000	7ff8000000000000	0	exact
pow	7ff8000000000000,0000000000000001	7ff8000000000000	7ff8000000000000	0	exact
pow	7ff8000000000000,7fefffffffffffff	7ff8000000000000	7ff8000000000000	0	exact
pow	7ff8000000000000,bff0000000000000	7ff8000000000000	7ff8000000000000	0	exact
pow	7ff8000000000000,3ff0000000000000	7ff8000000000000	7ff8000000000000	0	exact
pow	7ff8000000000000,c000000000000000	7ff8000000000000	7ff8000000000000	0	exact
pow	7ff8000000000000,4000000000000000	7ff8000000000000	7ff8000000000000	0	exact
pow	0000000000000000,7ff8000000000000	7ff8000000000000	7ff8000000000000	0	exact
pow	0000000000000000,0000000000000000	3ff0000000000000	3ff0000000000000	0	exact
pow	0000000000000000,8000000000000000	3ff0000000000000	3ff0000000000000	0	exact
pow	0000000000000000,7ff0000000000000	0000000000000000	0000000000000000	0	exact
pow	0000000000000000,fff0000000000000	7ff0000000000000	7ff0000000000000	0	exact
pow	0000000000000000,0000000000000001	0000000000000000	0000000000000000	0	exact
pow	0000000000000000,7fefffffffffffff	0000000000000000	0000000000000000	0	exact
pow	0000000000000000,bff0000000000000	7ff0000000000000	7ff0000000000000	0	exact
pow	0000000000000000,3ff0000000000000	0000000000000000	0000000000000000	0	exact
pow	0000000000000000,c000000000000000	7ff0000000000000	7ff0000000000000	0	exact
pow	0000000000000000,4000000000000000	0000000000000000	0000000000000000	0	exact
pow	8000000000000000,7ff8000000000000	7ff8000000000000	7ff8000000000000	0	exact
pow	8000000000000000,0000000000000000	3ff0000000000000	3ff0000000000000	0	exact
pow	8000000000000000,8000000000000000	3ff0000000000000	3ff0000000000000	0	exact
pow	8000000000000000,7ff0000000000000	0000000000000000	0000000000000000	0	exact
pow	8000000000000000,fff0000000000000	7ff0000000000000	7ff0000000000000	0	exact
pow	8000000000000000,0000000000000001	0000000000000000	0000000000000000	0	exact
pow	8000000000000000,7fefffffffffffff	0000000000000000	0000000000000000	0	exact
pow	8000000000000000,bff0000000000000	fff0000000000000	fff0000000000000	0	exact
pow	8000000000000000,3ff0000000000000	8000000000000000	8000000000000000	0	exact
pow	8000000000000000,c000000000000000	7ff0000000000000	7ff0000000000000	0	exact
pow	8000000000000000,4000000000000000	0000000000000000	0000000000000000	0	exact
pow	7ff0000000000000,7ff8000000000000	7ff8000000000000	7ff8000000000000	0	exact
pow	7ff0000000000000,0000000000000000	3ff0000000000000	3ff0000000000000	0	exact
pow	7ff0000000000000,8000000000000000	3ff0000000000000	3ff0000000000000	0	exact
pow	7ff0000000000000,7ff0000000000000	7ff0000000000000	7ff0000000000000	0	exact
pow	7ff0000000000000,fff0000000000000	0000000000000000	0000000000000000	0	exact
pow	7ff0000000000000,0000000000000001	7ff0000000000000	7ff0000000000000	0	exact
pow	7ff0000000000000,7fefffffffffffff	7ff0000000000000	7ff0000000000000	0	exact
pow	7ff0000000000000,bff0000000000000	0000000000000000	0000000000000000	0	exact
pow	7ff0000000000000,3ff0000000000000	7ff0000000000000	7ff0000000000000	0	exact
pow	7ff0000000000000,c000000000000000	0000000000000000	0000000000000000	0	exact
pow	7ff0000000000000,4000000000000000	7ff0000000000000	7ff0000000000000	0	exact
pow	fff0000000000000,7ff8000000000000	7ff8000000000000	7ff8000000000000	0	exact
pow	fff0000000000000,0000000000000000	3ff0000000000000	3ff0000000000000	0	exact
pow	fff0000000000000,8000000000000000	3ff0000000000000	3ff0000000000000	0	exact
pow	fff0000000000000,7ff0000000000000	7ff0000000000000	7ff0000000000000	0	exact
pow	fff0000000000000,fff0000000000000	0000000000000000	0000000000000000	0	exact
pow	fff0000000000000,0000000000000001	7ff0000000000000	7ff0000000000000	0	exact
pow	fff0000000000000,7fefffffffffffff	7ff0000000000000	7ff0000000000000	0	exact
pow	fff0000000000000,bff0000000000000	8000000000000000	8000000000000000	0	exact
pow	fff0000000000000,3ff0000000000000	fff0000000000000	fff0000000000000	0	exact
pow	fff0000000000000,c000000000000000	0000000000000000	0000000000000000	0	exact
pow	fff0000000000000,4000000000000000	7ff0000000000000	7ff0000000000000	0	exact
pow	0000000000000001,7ff8000000000000	7ff8000000000000	7ff8000000000000	0	exact
pow	0000000000000001,0000000000000000	3ff0000000000000	3ff0000000000000	0	exact
pow	0000000000000001,8000000000000000	3ff0000000000000	3ff0000000000000	0	exact
pow	0000000000000001,7ff0000000000000	0000000000000000	0000000000000000	0	exact
pow	0000000000000001,fff0000000000000	7ff0000000000000	7ff0000000000000	0	exact
pow	0000000000000001,0000000000000001	3ff0000000000000	3ff0000000000000	0	ordinary
pow	0000000000000001,7fefffffffffffff	0000000000000000	0000000000000000	0	exact
pow	0000000000000001,bff0000000000000	7ff0000000000000	7ff0000000000000	0	exact
pow	0000000000000001,3ff0000000000000	0000000000000001	0000000000000001	0	ordinary
pow	0000000000000001,c000000000000000	7ff0000000000000	7ff0000000000000	0	exact
pow	0000000000000001,4000000000000000	0000000000000000	0000000000000000	0	exact
pow	7fefffffffffffff,7ff8000000000000	7ff8000000000000	7ff8000000000000	0	exact
pow	7fefffffffffffff,0000000000000000	3ff0000000000000	3ff0000000000000	0	exact
pow	7fefffffffffffff,8000000000000000	3ff0000000000000	3ff0000000000000	0	exact
pow	7fefffffffffffff,7ff0000000000000	7ff0000000000000	7ff0000000000000	0	exact
pow	7fefffffffffffff,fff0000000000000	0000000000000000	0000000000000000	0	exact
pow	7fefffffffffffff,0000000000000001	3ff0000000000000	3ff0000000000000	0	ordinary
pow	7fefffffffffffff,7fefffffffffffff	7ff0000000000000	7ff0000000000000	0	exact
pow	7fefffffffffffff,bff0000000000000	0004000000000000	0004000000000000	0	ordinary
pow	7fefffffffffffff,3ff0000000000000	7fefffffffffffff	7fefffffffffffff	0	ordinary
pow	7fefffffffffffff,c000000000000000	0000000000000000	0000000000000000	0	exact
pow	7fefffffffffffff,4000000000000000	7ff0000000000000	7ff0000000000000	0	exact
pow	bff0000000000000,7ff8000000000000	7ff8000000000000	7ff8000000000000	0	exact
pow	bff0000000000000,0000000000000000	3ff0000000000000	3ff0000000000000	0	exact
pow	bff0000000000000,8000000000000000	3ff0000000000000	3ff0000000000000	0	exact
pow	bff0000000000000,7ff0000000000000	7ff8000000000000	7ff8000000000000	0	exact
pow	bff0000000000000,fff0000000000000	7ff8000000000000	7ff8000000000000	0	exact
pow	bff0000000000000,0000000000000001	7ff8000000000000	7ff8000000000000	0	exact
pow	bff0000000000000,7fefffffffffffff	3ff0000000000000	3ff0000000000000	0	ordinary
pow	bff0000000000000,bff0000000000000	bff0000000000000	bff0000000000000	0	ordinary
pow	bff0000000000000,3ff0000000000000	bff0000000000000	bff0000000000000	0	ordinary
pow	bff0000000000000,c000000000000000	3ff0000000000000	3ff0000000000000	0	ordinary
pow	bff0000000000000,4000000000000000	3ff0000000000000	3ff0000000000000	0	ordinary
pow	3ff0000000000000,7ff8000000000000	7ff8000000000000	7ff8000000000000	0	exact
pow	3ff0000000000000,0000000000000000	3ff0000000000000	3ff0000000000000	0	exact
pow	3ff0000000000000,8000000000000000	3ff0000000000000	3ff0000000000000	0	exact
pow	3ff0000000000000,7ff0000000000000	7ff8000000000000	7ff8000000000000	0	exact
pow	3ff0000000000000,fff0000000000000	7ff8000000000000	7ff8000000000000	0	exact
pow	3ff0000000000000,0000000000000001	3ff0000000000000	3ff0000000000000	0	ordinary
pow	3ff0000000000000,7fefffffffffffff	3ff0000000000000	3ff0000000000000	0	ordinary
pow	3ff0000000000000,bff0000000000000	3ff0000000000000	3ff0000000000000	0	ordinary
pow	3ff0000000000000,3ff0000000000000	3ff0000000000000	3ff0000000000000	0	ordinary
pow	3ff0000000000000,c000000000000000	3ff0000000000000	3ff0000000000000	0	ordinary
pow	3ff0000000000000,4000000000000000	3ff0000000000000	3ff0000000000000	0	ordinary
pow	c000000000000000,7ff8000000000000	7ff8000000000000	7ff8000000000000	0	exact
pow	c000000000000000,0000000000000000	3ff0000000000000	3ff0000000000000	0	exact
pow	c000000000000000,8000000000000000	3ff0000000000000	3ff0000000000000	0	exact
pow	c000000000000000,7ff0000000000000	7ff0000000000000	7ff0000000000000	0	exact
pow	c000000000000000,fff0000000000000	0000000000000000	0000000000000000	0	exact
pow	c000000000000000,0000000000000001	7ff8000000000000	7ff8000000000000	0	exact
pow	c000000000000000,7fefffffffffffff	7ff0000000000000	7ff0000000000000	0	exact
pow	c000000000000000,bff0000000000000	bfe0000000000000	bfe0000000000000	0	ordinary
pow	c000000000000000,3ff0000000000000	c000000000000000	c000000000000000	0	ordinary
pow	c000000000000000,c000000000000000	3fd0000000000000	3fd0000000000000	0	ordinary
pow	c000000000000000,4000000000000000	4010000000000000	4010000000000000	0	ordinary
pow	4000000000000000,7ff8000000000000	7ff8000000000000	7ff8000000000000	0	exact
pow	4000000000000000,0000000000000000	3ff0000000000000	3ff0000000000000	0	exact
pow	4000000000000000,8000000000000000	3ff0000000000000	3ff0000000000000	0	exact
pow	4000000000000000,7ff0000000000000	7ff0000000000000	7ff0000000000000	0	exact
pow	4000000000000000,fff0000000000000	0000000000000000	0000000000000000	0	exact
pow	4000000000000000,0000000000000001	3ff0000000000000	3ff0000000000000	0	ordinary
pow	4000000000000000,7fefffffffffffff	7ff0000000000000	7ff0000000000000	0	exact
pow	4000000000000000,bff0000000000000	3fe0000000000000	3fe0000000000000	0	ordinary
pow	4000000000000000,3ff0000000000000	4000000000000000	4000000000000000	0	ordinary
pow	4000000000000000,c000000000000000	3fd0000000000000	3fd0000000000000	0	ordinary
pow	4000000000000000,4000000000000000	4010000000000000	4010000000000000	0	ordinary
hypot	7ff8000000000000,3ff4cccccccccccd	7ff8000000000000	7ff8000000000000	0	exact
hypot	0000000000000000,3ff4cccccccccccd	3ff4cccccccccccd	3ff4cccccccccccd	0	exact
hypot	8000000000000000,3ff4cccccccccccd	3ff4cccccccccccd	3ff4cccccccccccd	0	exact
hypot	7ff0000000000000,3ff4cccccccccccd	7ff0000000000000	7ff0000000000000	0	exact
hypot	fff0000000000000,3ff4cccccccccccd	7ff0000000000000	7ff0000000000000	0	exact
hypot	0000000000000001,3ff4cccccccccccd	3ff4cccccccccccd	3ff4cccccccccccd	0	ordinary
hypot	7fefffffffffffff,3ff4cccccccccccd	7fefffffffffffff	7fefffffffffffff	0	ordinary
hypot	bff0000000000000,3ff4cccccccccccd	3ffa3df082a77818	3ffa3df082a77818	0	ordinary
hypot	3ff0000000000000,3ff4cccccccccccd	3ffa3df082a77818	3ffa3df082a77818	0	ordinary
hypot	c000000000000000,3ff4cccccccccccd	4003153df622e7d0	4003153df622e7d0	0	ordinary
hypot	4000000000000000,3ff4cccccccccccd	4003153df622e7d0	4003153df622e7d0	0	ordinary
hypot	3fe6666666666666,3ff4cccccccccccd	3ff79fabe917e2f5	3ff79fabe917e2f5	0	ordinary
hypot	3ffb333333333333,3ff4cccccccccccd	40011ee9515be7c1	40011ee9515be7c1	0	ordinary
hypot	bfe6666666666666,3ff4cccccccccccd	3ff79fabe917e2f5	3ff79fabe917e2f5	0	ordinary
hypot	3bc79ca10c924223,3ff4cccccccccccd	3ff4cccccccccccd	3ff4cccccccccccd	0	ordinary
hypot	4415af1d78b58c40,3ff4cccccccccccd	4415af1d78b58c40	4415af1d78b58c40	0	ordinary
hypot	400921fb54442d18,3ff4cccccccccccd	400b3314b2d74b49	400b3314b2d74b49	0	ordinary
hypot	3fefffffffffffff,3ff4cccccccccccd	3ffa3df082a77817	3ffa3df082a77817	0	ordinary
hypot	3ff0000000000001,3ff4cccccccccccd	3ffa3df082a77818	3ffa3df082a77818	0	ordinary
hypot	7ff8000000000000,7ff8000000000000	7ff8000000000000	7ff8000000000000	0	exact
hypot	7ff8000000000000,0000000000000000	7ff8000000000000	7ff8000000000000	0	exact
hypot	7ff8000000000000,8000000000000000	7ff8000000000000	7ff8000000000000	0	exact
hypot	7ff8000000000000,7ff0000000000000	7ff0000000000000	7ff0000000000000	0	exact
hypot	7ff8000000000000,fff0000000000000	7ff0000000000000	7ff0000000000000	0	exact
hypot	7ff8000000000000,0000000000000001	7ff8000000000000	7ff8000000000000	0	exact
hypot	7ff8000000000000,7fefffffffffffff	7ff8000000000000	7ff8000000000000	0	exact
hypot	7ff8000000000000,bff0000000000000	7ff8000000000000	7ff8000000000000	0	exact
hypot	7ff8000000000000,3ff0000000000000	7ff8000000000000	7ff8000000000000	0	exact
hypot	7ff8000000000000,c000000000000000	7ff8000000000000	7ff8000000000000	0	exact
hypot	7ff8000000000000,4000000000000000	7ff8000000000000	7ff8000000000000	0	exact
hypot	0000000000000000,7ff8000000000000	7ff8000000000000	7ff8000000000000	0	exact
hypot	0000000000000000,0000000000000000	0000000000000000	0000000000000000	0	exact
hypot	0000000000000000,8000000000000000	0000000000000000	0000000000000000	0	exact
hypot	0000000000000000,7ff0000000000000	7ff0000000000000	7ff0000000000000	0	exact
hypot	0000000000000000,fff0000000000000	7ff0000000000000	7ff0000000000000	0	exact
hypot	0000000000000000,0000000000000001	0000000000000001	0000000000000001	0	exact
hypot	0000000000000000,7fefffffffffffff	7fefffffffffffff	7fefffffffffffff	0	exact
hypot	0000000000000000,bff0000000000000	3ff0000000000000	3ff0000000000000	0	exact
hypot	0000000000000000,3ff0000000000000	3ff0000000000000	3ff0000000000000	0	exact
hypot	0000000000000000,c000000000000000	4000000000000000	4000000000000000	0	exact
hypot	0000000000000000,4000000000000000	4000000000000000	4000000000000000	0	exact
hypot	8000000000000000,7ff8000000000000	7ff8000000000000	7ff8000000000000	0	exact
hypot	8000000000000000,0000000000000000	0000000000000000	0000000000000000	0	exact
hypot	8000000000000000,8000000000000000	0000000000000000	0000000000000000	0	exact
hypot	8000000000000000,7ff0000000000000	7ff0000000000000	7ff0000000000000	0	exact
hypot	8000000000000000,fff0000000000000	7ff0000000000000	7ff0000000000000	0	exact
hypot	8000000000000000,0000000000000001	0000000000000001	0000000000000001	0	exact
hypot	8000000000000000,7fefffffffffffff	7fefffffffffffff	7fefffffffffffff	0	exact
hypot	8000000000000000,bff0000000000000	3ff0000000000000	3ff0000000000000	0	exact
hypot	8000000000000000,3ff0000000000000	3ff0000000000000	3ff0000000000000	0	exact
hypot	8000000000000000,c000000000000000	4000000000000000	4000000000000000	0	exact
hypot	8000000000000000,4000000000000000	4000000000000000	4000000000000000	0	exact
hypot	7ff0000000000000,7ff8000000000000	7ff0000000000000	7ff0000000000000	0	exact
hypot	7ff0000000000000,0000000000000000	7ff0000000000000	7ff0000000000000	0	exact
hypot	7ff0000000000000,8000000000000000	7ff0000000000000	7ff0000000000000	0	exact
hypot	7ff0000000000000,7ff0000000000000	7ff0000000000000	7ff0000000000000	0	exact
hypot	7ff0000000000000,fff0000000000000	7ff0000000000000	7ff0000000000000	0	exact
hypot	7ff0000000000000,0000000000000001	7ff0000000000000	7ff0000000000000	0	exact
hypot	7ff0000000000000,7fefffffffffffff	7ff0000000000000	7ff0000000000000	0	exact
hypot	7ff0000000000000,bff0000000000000	7ff0000000000000	7ff0000000000000	0	exact
hypot	7ff0000000000000,3ff0000000000000	7ff0000000000000	7ff0000000000000	0	exact
hypot	7ff0000000000000,c000000000000000	7ff0000000000000	7ff0000000000000	0	exact
hypot	7ff0000000000000,4000000000000000	7ff0000000000000	7ff0000000000000	0	exact
hypot	fff0000000000000,7ff8000000000000	7ff0000000000000	7ff0000000000000	0	exact
hypot	fff0000000000000,0000000000000000	7ff0000000000000	7ff0000000000000	0	exact
hypot	fff0000000000000,8000000000000000	7ff0000000000000	7ff0000000000000	0	exact
hypot	fff0000000000000,7ff0000000000000	7ff0000000000000	7ff0000000000000	0	exact
hypot	fff0000000000000,fff0000000000000	7ff0000000000000	7ff0000000000000	0	exact
hypot	fff0000000000000,0000000000000001	7ff0000000000000	7ff0000000000000	0	exact
hypot	fff0000000000000,7fefffffffffffff	7ff0000000000000	7ff0000000000000	0	exact
hypot	fff0000000000000,bff0000000000000	7ff0000000000000	7ff0000000000000	0	exact
hypot	fff0000000000000,3ff0000000000000	7ff0000000000000	7ff0000000000000	0	exact
hypot	fff0000000000000,c000000000000000	7ff0000000000000	7ff0000000000000	0	exact
hypot	fff0000000000000,4000000000000000	7ff0000000000000	7ff0000000000000	0	exact
hypot	0000000000000001,7ff8000000000000	7ff8000000000000	7ff8000000000000	0	exact
hypot	0000000000000001,0000000000000000	0000000000000001	0000000000000001	0	exact
hypot	0000000000000001,8000000000000000	0000000000000001	0000000000000001	0	exact
hypot	0000000000000001,7ff0000000000000	7ff0000000000000	7ff0000000000000	0	exact
hypot	0000000000000001,fff0000000000000	7ff0000000000000	7ff0000000000000	0	exact
hypot	0000000000000001,0000000000000001	0000000000000001	0000000000000001	0	ordinary
hypot	0000000000000001,7fefffffffffffff	7fefffffffffffff	7fefffffffffffff	0	ordinary
hypot	0000000000000001,bff0000000000000	3ff0000000000000	3ff0000000000000	0	ordinary
hypot	0000000000000001,3ff0000000000000	3ff0000000000000	3ff0000000000000	0	ordinary
hypot	0000000000000001,c000000000000000	4000000000000000	4000000000000000	0	ordinary
hypot	0000000000000001,4000000000000000	4000000000000000	4000000000000000	0	ordinary
hypot	7fefffffffffffff,7ff8000000000000	7ff8000000000000	7ff8000000000000	0	exact
hypot	7fefffffffffffff,0000000000000000	7fefffffffffffff	7fefffffffffffff	0	exact
hypot	7fefffffffffffff,8000000000000000	7fefffffffffffff	7fefffffffffffff	0	exact
hypot	7fefffffffffffff,7ff0000000000000	7ff0000000000000	7ff0000000000000	0	exact
hypot	7fefffffffffffff,fff0000000000000	7ff0000000000000	7ff0000000000000	0	exact
hypot	7fefffffffffffff,0000000000000001	7fefffffffffffff	7fefffffffffffff	0	ordinary
hypot	7fefffffffffffff,7fefffffffffffff	7ff0000000000000	7ff0000000000000	0	exact
hypot	7fefffffffffffff,bff0000000000000	7fefffffffffffff	7fefffffffffffff	0	ordinary
hypot	7fefffffffffffff,3ff0000000000000	7fefffffffffffff	7fefffffffffffff	0	ordinary
hypot	7fefffffffffffff,c000000000000000	7fefffffffffffff	7fefffffffffffff	0	ordinary
hypot	7fefffffffffffff,4000000000000000	7fefffffffffffff	7fefffffffffffff	0	ordinary
hypot	bff0000000000000,7ff8000000000000	7ff8000000000000	7ff8000000000000	0	exact
hypot	bff0000000000000,0000000000000000	3ff0000000000000	3ff0000000000000	0	exact
hypot	bff0000000000000,8000000000000000	3ff0000000000000	3ff0000000000000	0	exact
hypot	bff0000000000000,7ff0000000000000	7ff0000000000000	7ff0000000000000	0	exact
hypot	bff0000000000000,fff0000000000000	7ff0000000000000	7ff0000000000000	0	exact
hypot	bff0000000000000,0000000000000001	3ff0000000000000	3ff0000000000000	0	ordinary
hypot	bff0000000000000,7fefffffffffffff	7fefffffffffffff	7fefffffffffffff	0	ordinary
hypot	bff0000000000000,bff0000000000000	3ff6a09e667f3bcd	3ff6a09e667f3bcd	0	ordinary
hypot	bff0000000000000,3ff0000000000000	3ff6a09e667f3bcd	3ff6a09e667f3bcd	0	ordinary
hypot	bff0000000000000,c000000000000000	4001e3779b97f4a8	4001e3779b97f4a8	0	ordinary
hypot	bff0000000000000,4000000000000000	4001e3779b97f4a8	4001e3779b97f4a8	0	ordinary
hypot	3ff0000000000000,7ff8000000000000	7ff8000000000000	7ff8000000000000	0	exact
hypot	3ff0000000000000,0000000000000000	3ff0000000000000	3ff0000000000000	0	exact
hypot	3ff0000000000000,8000000000000000	3ff0000000000000	3ff0000000000000	0	exact
hypot	3ff0000000000000,7ff0000000000000	7ff0000000000000	7ff0000000000000	0	exact
hypot	3ff0000000000000,fff0000000000000	7ff0000000000000	7ff0000000000000	0	exact
hypot	3ff0000000000000,0000000000000001	3ff0000000000000	3ff0000000000000	0	ordinary
hypot	3ff0000000000000,7fefffffffffffff	7fefffffffffffff	7fefffffffffffff	0	ordinary
hypot	3ff0000000000000,bff0000000000000	3ff6a09e667f3bcd	3ff6a09e667f3bcd	0	ordinary
hypot	3ff0000000000000,3ff0000000000000	3ff6a09e667f3bcd	3ff6a09e667f3bcd	0	ordinary
hypot	3ff0000000000000,c000000000000000	4001e3779b97f4a8	4001e3779b97f4a8	0	ordinary
hypot	3ff0000000000000,4000000000000000	4001e3779b97f4a8	4001e3779b97f4a8	0	ordinary
hypot	c000000000000000,7ff8000000000000	7ff8000000000000	7ff8000000000000	0	exact
hypot	c000000000000000,0000000000000000	4000000000000000	4000000000000000	0	exact
hypot	c000000000000000,8000000000000000	4000000000000000	4000000000000000	0	exact
hypot	c000000000000000,7ff0000000000000	7ff0000000000000	7ff0000000000000	0	exact
hypot	c000000000000000,fff0000000000000	7ff0000000000000	7ff0000000000000	0	exact
hypot	c000000000000000,0000000000000001	4000000000000000	4000000000000000	0	ordinary
hypot	c000000000000000,7fefffffffffffff	7fefffffffffffff	7fefffffffffffff	0	ordinary
hypot	c000000000000000,bff0000000000000	4001e3779b97f4a8	4001e3779b97f4a8	0	ordinary
hypot	c000000000000000,3ff0000000000000	4001e3779b97f4a8	4001e3779b97f4a8	0	ordinary
hypot	c000000000000000,c000000000000000	4006a09e667f3bcd	4006a09e667f3bcd	0	ordinary
hypot	c000000000000000,4000000000000000	4006a09e667f3bcd	4006a09e667f3bcd	0	ordinary
hypot	4000000000000000,7ff8000000000000	7ff8000000000000	7ff8000000000000	0	exact
hypot	4000000000000000,0000000000000000	4000000000000000	4000000000000000	0	exact
hypot	4000000000000000,8000000000000000	4000000000000000	4000000000000000	0	exact
hypot	4000000000000000,7ff0000000000000	7ff0000000000000	7ff0000000000000	0	exact
hypot	4000000000000000,fff0000000000000	7ff0000000000000	7ff0000000000000	0	exact
hypot	4000000000000000,0000000000000001	4000000000000000	4000000000000000	0	ordinary
hypot	4000000000000000,7fefffffffffffff	7fefffffffffffff	7fefffffffffffff	0	ordinary
hypot	4000000000000000,bff0000000000000	4001e3779b97f4a8	4001e3779b97f4a8	0	ordinary
hypot	4000000000000000,3ff0000000000000	4001e3779b97f4a8	4001e3779b97f4a8	0	ordinary
hypot	4000000000000000,c000000000000000	4006a09e667f3bcd	4006a09e667f3bcd	0	ordinary
hypot	4000000000000000,4000000000000000	4006a09e667f3bcd	4006a09e667f3bcd	0	ordinary
abs	7ff8000000000000	7ff8000000000000	7ff8000000000000	0	exact
abs	0000000000000000	0000000000000000	0000000000000000	0	exact
abs	8000000000000000	0000000000000000	0000000000000000	0	exact
abs	7ff0000000000000	7ff0000000000000	7ff0000000000000	0	exact
abs	fff0000000000000	7ff0000000000000	7ff0000000000000	0	exact
abs	0000000000000001	0000000000000001	0000000000000001	0	exact
abs	7fefffffffffffff	7fefffffffffffff	7fefffffffffffff	0	exact
abs	bff0000000000000	3ff0000000000000	3ff0000000000000	0	exact
abs	3ff0000000000000	3ff0000000000000	3ff0000000000000	0	exact
abs	c000000000000000	4000000000000000	4000000000000000	0	exact
abs	4000000000000000	4000000000000000	4000000000000000	0	exact
abs	3fe6666666666666	3fe6666666666666	3fe6666666666666	0	exact
abs	3ffb333333333333	3ffb333333333333	3ffb333333333333	0	exact
abs	bfe6666666666666	3fe6666666666666	3fe6666666666666	0	exact
abs	3bc79ca10c924223	3bc79ca10c924223	3bc79ca10c924223	0	exact
abs	4415af1d78b58c40	4415af1d78b58c40	4415af1d78b58c40	0	exact
abs	400921fb54442d18	400921fb54442d18	400921fb54442d18	0	exact
abs	3fefffffffffffff	3fefffffffffffff	3fefffffffffffff	0	exact
abs	3ff0000000000001	3ff0000000000001	3ff0000000000001	0	exact
ceil	7ff8000000000000	7ff8000000000000	7ff8000000000000	0	exact
ceil	0000000000000000	0000000000000000	0000000000000000	0	exact
ceil	8000000000000000	8000000000000000	8000000000000000	0	exact
ceil	7ff0000000000000	7ff0000000000000	7ff0000000000000	0	exact
ceil	fff0000000000000	fff0000000000000	fff0000000000000	0	exact
ceil	0000000000000001	3ff0000000000000	3ff0000000000000	0	exact
ceil	7fefffffffffffff	7fefffffffffffff	7fefffffffffffff	0	exact
ceil	bff0000000000000	bff0000000000000	bff0000000000000	0	exact
ceil	3ff0000000000000	3ff0000000000000	3ff0000000000000	0	exact
ceil	c000000000000000	c000000000000000	c000000000000000	0	exact
ceil	4000000000000000	4000000000000000	4000000000000000	0	exact
ceil	3fe6666666666666	3ff0000000000000	3ff0000000000000	0	exact
ceil	3ffb333333333333	4000000000000000	4000000000000000	0	exact
ceil	bfe6666666666666	8000000000000000	8000000000000000	0	exact
ceil	3bc79ca10c924223	3ff0000000000000	3ff0000000000000	0	exact
ceil	4415af1d78b58c40	4415af1d78b58c40	4415af1d78b58c40	0	exact
ceil	400921fb54442d18	4010000000000000	4010000000000000	0	exact
ceil	3fefffffffffffff	3ff0000000000000	3ff0000000000000	0	exact
ceil	3ff0000000000001	4000000000000000	4000000000000000	0	exact
floor	7ff8000000000000	7ff8000000000000	7ff8000000000000	0	exact
floor	0000000000000000	0000000000000000	0000000000000000	0	exact
floor	8000000000000000	8000000000000000	8000000000000000	0	exact
floor	7ff0000000000000	7ff0000000000000	7ff0000000000000	0	exact
floor	fff0000000000000	fff0000000000000	fff0000000000000	0	exact
floor	0000000000000001	0000000000000000	0000000000000000	0	exact
floor	7fefffffffffffff	7fefffffffffffff	7fefffffffffffff	0	exact
floor	bff0000000000000	bff0000000000000	bff0000000000000	0	exact
floor	3ff0000000000000	3ff0000000000000	3ff0000000000000	0	exact
floor	c000000000000000	c000000000000000	c000000000000000	0	exact
floor	4000000000000000	4000000000000000	4000000000000000	0	exact
floor	3fe6666666666666	0000000000000000	0000000000000000	0	exact
floor	3ffb333333333333	3ff0000000000000	3ff0000000000000	0	exact
floor	bfe6666666666666	bff0000000000000	bff0000000000000	0	exact
floor	3bc79ca10c924223	0000000000000000	0000000000000000	0	exact
floor	4415af1d78b58c40	4415af1d78b58c40	4415af1d78b58c40	0	exact
floor	400921fb54442d18	4008000000000000	4008000000000000	0	exact
floor	3fefffffffffffff	0000000000000000	0000000000000000	0	exact
floor	3ff0000000000001	3ff0000000000000	3ff0000000000000	0	exact
sqrt	7ff8000000000000	7ff8000000000000	7ff8000000000000	0	exact
sqrt	0000000000000000	0000000000000000	0000000000000000	0	exact
sqrt	8000000000000000	8000000000000000	8000000000000000	0	exact
sqrt	7ff0000000000000	7ff0000000000000	7ff0000000000000	0	exact
sqrt	fff0000000000000	7ff8000000000000	7ff8000000000000	0	exact
sqrt	0000000000000001	1e60000000000000	1e60000000000000	0	exact
sqrt	7fefffffffffffff	5fefffffffffffff	5fefffffffffffff	0	exact
sqrt	bff0000000000000	7ff8000000000000	7ff8000000000000	0	exact
sqrt	3ff0000000000000	3ff0000000000000	3ff0000000000000	0	exact
sqrt	c000000000000000	7ff8000000000000	7ff8000000000000	0	exact
sqrt	4000000000000000	3ff6a09e667f3bcd	3ff6a09e667f3bcd	0	exact
sqrt	3fe6666666666666	3feac5eb3f7ab2f8	3feac5eb3f7ab2f8	0	exact
sqrt	3ffb333333333333	3ff4dc87d61451da	3ff4dc87d61451da	0	exact
sqrt	bfe6666666666666	7ff8000000000000	7ff8000000000000	0	exact
sqrt	3bc79ca10c924223	3ddb7cdfd9d7bdbb	3ddb7cdfd9d7bdbb	0	exact
sqrt	4415af1d78b58c40	4202a05f20000000	4202a05f20000000	0	exact
sqrt	400921fb54442d18	3ffc5bf891b4ef6a	3ffc5bf891b4ef6a	0	exact
sqrt	3fefffffffffffff	3fefffffffffffff	3fefffffffffffff	0	exact
sqrt	3ff0000000000001	3ff0000000000000	3ff0000000000000	0	exact
hypot		0000000000000000	0000000000000000	0	exact
hypot	4008000000000000,4010000000000000,4028000000000000	402a000000000000	402a000000000000	0	ordinary
